"Candidate Email / Roll Number","Seat Number","Room / Lab Number"
"aarav.sharma@klu.ac.in","LAB1-S01","CSE-LAB-1"
"meera.ramesh@klu.ac.in","LAB1-S02","CSE-LAB-1"
"rohan.k@klu.ac.in","LAB1-S03","CSE-LAB-1"
"divya.s@klu.ac.in","LAB1-S04","CSE-LAB-1"
"kavitha.m@klu.ac.in","LAB1-S05","CSE-LAB-1"
"siddharth.v@klu.ac.in","LAB2-S01","AI-RESEARCH-LAB"
"ananya.sundaram@klu.ac.in","LAB2-S02","AI-RESEARCH-LAB"
"gautam.nair@klu.ac.in","LAB2-S03","AI-RESEARCH-LAB"
"pooja.hegde@klu.ac.in","LAB2-S04","AI-RESEARCH-LAB"
"vikram.iyer@klu.ac.in","HALL-A-01","TURING-AUDITORIUM"
"swathi.k@klu.ac.in","HALL-A-02","TURING-AUDITORIUM"
"rahul.m@klu.ac.in","HALL-A-03","TURING-AUDITORIUM"
"sneha.b@klu.ac.in","HALL-A-04","TURING-AUDITORIUM"
"harish.c@klu.ac.in","HALL-B-01","RAMANUJAN-COMPUTING-CENTER"
"nandini.d@klu.ac.in","HALL-B-02","RAMANUJAN-COMPUTING-CENTER"
