"Question Statement","Question Type","Option A","Option B","Option C","Option D","Option E","Correct Answer","Difficulty","Topic","Explanation"
"If the probability of success in a Bernoulli trial is p = 0.4, what is the variance of a Binomial distribution with n = 20 trials?","mcq_single","4.8","8.0","3.2","6.4","","A","medium","[Common Part A] Quantitative Aptitude","Variance of a Binomial distribution is given by Var(X) = n * p * (1 - p) = 20 * 0.4 * 0.6 = 4.8."
"A pump can fill a water tank in 6 hours and a drainage valve can empty it in 8 hours. If both operate simultaneously, in how many hours will the tank fill completely?","mcq_single","18 Hours","24 Hours","14 Hours","12 Hours","","B","easy","[Common Part A] Quantitative Aptitude","Net rate = (1/6) - (1/8) = (4 - 3)/24 = 1/24 tank per hour. Therefore, the tank fills in 24 hours."
"In statistical hypothesis testing, a Type I error (alpha error) is committed when:","mcq_single","The null hypothesis is true but is incorrectly rejected","The null hypothesis is false and is incorrectly accepted","The sample variance exceeds population variance","The alternative hypothesis is proven conclusively","","A","medium","[Common Part A] Research Methodology","A Type I error occurs when a true null hypothesis (H0) is rejected by the researcher (false positive)."
"In empirical research, which sampling technique selects every k-th element from an ordered sampling frame after a random starting point?","mcq_single","Stratified Random Sampling","Cluster Sampling","Systematic Sampling","Convenience Sampling","","C","easy","[Common Part A] Research Methodology","Systematic sampling selects units at fixed uniform intervals (k = N/n) from a numbered population list."
"Which statistical metric measures the degree of linear association between two continuous random variables?","mcq_single","Cronbach's Alpha","Pearson Correlation Coefficient (r)","Chi-Square Goodness of Fit","Gini Coefficient","","B","easy","[Common Part A] Research Methodology","Pearson's correlation coefficient (r) ranges from -1.0 to +1.0, quantifying linear correlation."
"What is the information entropy (in bits) of a single fair coin toss where heads and tails have equal probability 0.5?","numerical","","","","","","1","easy","[Common Part A] Quantitative Aptitude","Entropy H(X) = - (0.5 * log2(0.5) + 0.5 * log2(0.5)) = - (-0.5 - 0.5) = 1 bit of information."
"In deductive reasoning, if 'All researchers publish papers' and 'Dr. Raman is a researcher', which conclusion logically follows?","mcq_single","Dr. Raman may publish papers","Dr. Raman publishes papers","All paper publishers are Dr. Raman","No researchers publish papers","","B","easy","[Common Part A] Analytical Reasoning","By standard categorical syllogism (Modus Ponens), the specific instance inherits the universal predicate."
"Which of the following are essential components of an academic doctoral research proposal?","mcq_multiple","Statement of the Problem","Review of Related Literature","Methodological Framework","Budget for Recreational Travel","Expected Contributions","A,B,C,E","medium","[Common Part A] Research Methodology","Problem statement, literature review, methodology, and expected contributions are essential proposal elements."
"In a standard normal distribution (Z-distribution), what is the mean and standard deviation?","mcq_single","Mean = 1, Std Dev = 0","Mean = 0, Std Dev = 1","Mean = 0, Std Dev = 0","Mean = 100, Std Dev = 15","","B","easy","[Common Part A] Quantitative Aptitude","A standard normal distribution is normalized to have a mean (mu) of 0 and a standard deviation (sigma) of 1."
"What is the median of the data set: 14, 7, 22, 19, 3, 11, 35, 28, 9?","numerical","","","","","","14","medium","[Common Part A] Quantitative Aptitude","Sorted array: [3, 7, 9, 11, 14, 19, 22, 28, 35]. The middle element (5th value of 9 numbers) is 14."
"Which scale of measurement classifies data into distinct ordered categories with meaningful intervals and an absolute true zero point?","mcq_single","Nominal Scale","Ordinal Scale","Interval Scale","Ratio Scale","","D","medium","[Common Part A] Research Methodology","The Ratio scale possesses all properties of nominal, ordinal, and interval scales plus a meaningful true zero origin."
"A researcher flips 3 fair coins simultaneously. What is the probability of obtaining at least two heads?","mcq_single","1/8","3/8","1/2","5/8","","C","medium","[Common Part A] Quantitative Aptitude","Favorable outcomes for >= 2 heads: {HHH, HHT, HTH, THH} = 4 outcomes out of 2^3 = 8 total. Probability = 4/8 = 1/2."
"Which referencing format is most widely utilized in computer science and electrical engineering publications?","mcq_single","APA 7th Edition","MLA 9th Edition","IEEE Citation Style","Chicago Manual of Style","","C","easy","[Common Part A] Research Methodology","IEEE style uses bracketed numeric citations matching a numbered reference list at the end of the manuscript."
"In a class of 60 doctoral applicants, 35 know Python, 30 know R, and 15 know both languages. How many applicants know neither language?","numerical","","","","","","10","medium","[Common Part A] Analytical Reasoning","Union = |Python| + |R| - |Both| = 35 + 30 - 15 = 50. Applicants knowing neither = 60 - 50 = 10."
"Plagiarism detection tools evaluate manuscripts primarily by computing which similarity measure across text corpora?","mcq_single","Jaccard N-gram String Similarity and Fingerprinting","Euclidean Distance of Word Lengths","Matrix Determinant Decomposition","Fourier Frequency Transformation","","A","medium","[Common Part A] Research Methodology","Similarity scanners tokenize text into overlapping n-grams (shingles) and calculate Jaccard string similarity indices."
"Which asymptotic notation represents the formal mathematical upper bound of an algorithm's growth rate?","mcq_single","Big-O (O)","Big-Omega (Omega)","Big-Theta (Theta)","Little-o (o)","","A","easy","[Common Part A] Quantitative Aptitude","Big-O notation f(n) = O(g(n)) defines a formal upper bound on the asymptotic growth rate of a function."
"If a train traveling at 72 km/h crosses a 200-meter platform in 25 seconds, what is the length of the train in meters?","numerical","","","","","","300","medium","[Common Part A] Quantitative Aptitude","Speed = 72 * (5/18) = 20 m/s. Total distance = speed * time = 20 * 25 = 500m. Train length = 500 - 200 = 300m."
"In qualitative research methodology, what is the primary purpose of data triangulation?","mcq_single","To speed up questionnaire distribution","To validate findings by cross-verifying multiple data sources or methods","To replace statistical hypothesis testing completely","To eliminate qualitative observations","","B","medium","[Common Part A] Research Methodology","Triangulation involves using multiple data sources, methods, or investigators to enhance research validity."
"What is the value of the combination 8C3 (choosing 3 items from 8 distinct items)?","numerical","","","","","","56","easy","[Common Part A] Quantitative Aptitude","8C3 = (8 * 7 * 6) / (3 * 2 * 1) = 336 / 6 = 56."
"Which of the following are characteristics of a well-formulated research hypothesis?","mcq_multiple","Testable and Falsifiable","Clear and Unambiguous","Specific to the Problem Domain","Expressed as an Unverifiable Opinion","Relates Independent and Dependent Variables","A,B,C,E","medium","[Common Part A] Research Methodology","A valid scientific hypothesis must be testable, falsifiable, clear, specific, and specify measurable relationships."
"What is the average time complexity of the QuickSort algorithm?","mcq_single","O(n log n)","O(n^2)","O(log n)","O(n)","O(1)","A","medium","[Dept Specific Part B] Algorithms","QuickSort achieves O(n log n) average time complexity by recursively partitioning an array around a balanced pivot."
"Which data structure operates strictly on a Last-In, First-Out (LIFO) basis?","mcq_single","Queue","Stack","Binary Search Tree","Doubly Linked List","","B","easy","[Dept Specific Part B] Data Structures","A Stack pushes and pops items from the top of the container, enforcing the LIFO principle."
"Which of the following are ACID properties in Database Management Systems?","mcq_multiple","Atomicity","Consistency","Isolation","Durability","Redundancy","A,B,C,D","medium","[Dept Specific Part B] Database Systems","ACID stands for Atomicity, Consistency, Isolation, and Durability, ensuring transaction reliability."
"In standard RSA public-key cryptography with prime factors p = 7 and q = 13, compute the RSA modulus n.","numerical","","","","","","91","medium","[Dept Specific Part B] Cryptography","The modulus n is computed as the product of the two primes: n = p * q = 7 * 13 = 91."
"In relational algebra, which operator selects rows from a table that satisfy a specified predicate condition?","mcq_single","Projection (pi)","Selection (sigma)","Cartesian Product (x)","Natural Join (|><|)","","B","easy","[Dept Specific Part B] Database Systems","The Selection operator (sigma) filters relation tuples based on a Boolean condition."
"Dijkstra's shortest path algorithm is guaranteed to produce optimal results on graphs containing negative edge weights.","true_false","True","False","","","","B","medium","[Dept Specific Part B] Graph Theory","False. Dijkstra assumes all edge weights are non-negative. Bellman-Ford must be used for graphs with negative edges."
"Which CPU scheduling algorithm is non-preemptive and allocates the processor to the waiting task with the smallest execution requirement?","mcq_single","Round Robin","First-Come First-Served","Non-preemptive Shortest Job First (SJF)","Multilevel Feedback Queue","","C","easy","[Dept Specific Part B] Operating Systems","Non-preemptive SJF runs the shortest waiting job until its burst completion without context switching."
"Which of the following are supervised machine learning algorithms?","mcq_multiple","Linear Regression","K-Means Clustering","Support Vector Machines (SVM)","Random Forest","Principal Component Analysis (PCA)","A,C,D","medium","[Dept Specific Part B] Machine Learning","Linear Regression, SVMs, and Random Forests learn from labeled datasets. K-Means and PCA are unsupervised."
"What is the primary function of the Translation Lookaside Buffer (TLB) in virtual memory architectures?","mcq_single","To cache recently translated virtual-to-physical page frame addresses","To store page replacement reference bits","To buffer disk I/O write transfers","To handle peripheral interrupt vectors","","A","hard","[Dept Specific Part B] Computer Architecture","The TLB is a high-speed hardware cache that reduces page table walk latency during memory address translation."
"Which database normalization form eliminates transitive dependencies of non-prime attributes on the primary key?","mcq_single","First Normal Form (1NF)","Second Normal Form (2NF)","Third Normal Form (3NF)","Boyce-Codd Normal Form (BCNF)","","C","medium","[Dept Specific Part B] Database Systems","3NF requires a relation to be in 2NF and have no non-prime attribute transitively dependent on any candidate key."
"What is the worst-case search time complexity in an unbalanced Binary Search Tree (BST) containing n nodes?","mcq_single","O(1)","O(log n)","O(n)","O(n log n)","","C","easy","[Dept Specific Part B] Data Structures","In the worst case (skewed tree), a BST degenerates into a linear linked list requiring O(n) traversal."
"Which layer of the OSI 7-layer reference model is responsible for reliable end-to-end transport, segment reassembly, and flow control?","mcq_single","Physical Layer","Data Link Layer","Transport Layer","Network Layer","","C","easy","[Dept Specific Part B] Computer Networks","The Transport Layer (Layer 4, e.g. TCP) provides end-to-end reliability, multiplexing, and flow control."
"In Python, which of the following standard data types is immutable?","mcq_single","List","Dictionary","Tuple","Set","","C","easy","[Dept Specific Part B] Programming Languages","Tuples are immutable sequences in Python; their elements cannot be modified or reassigned after creation."
"Which of the following conditions are necessary for a system deadlock to occur according to Coffman's model?","mcq_multiple","Mutual Exclusion","Hold and Wait","No Preemption","Circular Wait","Preemptive Scheduling","A,B,C,D","medium","[Dept Specific Part B] Operating Systems","The four Coffman deadlock conditions are Mutual Exclusion, Hold and Wait, No Preemption, and Circular Wait."
"What is the maximum height of an AVL self-balancing binary search tree with n nodes?","mcq_single","O(1)","O(log n)","O(n)","O(n^2)","","B","medium","[Dept Specific Part B] Data Structures","AVL trees maintain a balance factor of -1, 0, or +1, guaranteeing a strict logarithmic height bound of O(log n)."
"Which software design pattern restricts class instantiation to a single instance while providing global access?","mcq_single","Factory Pattern","Singleton Pattern","Observer Pattern","Decorator Pattern","","B","easy","[Dept Specific Part B] Software Engineering","The Singleton pattern ensures exactly one instance of a class exists across the application runtime lifecycle."
"In relational databases, what must a foreign key attribute in a child table reference in the parent table?","mcq_single","A nullable non-indexed column","A Primary Key or Unique Candidate Key","Any character column","An auto-increment sequence only","","B","medium","[Dept Specific Part B] Database Systems","Referential integrity mandates that foreign keys reference a unique candidate key or primary key in the referenced relation."
"What is the time complexity of constructing a Binary Max-Heap from an unordered array of n items using Floyd's build-heap algorithm?","mcq_single","O(n)","O(n log n)","O(log n)","O(n^2)","","A","hard","[Dept Specific Part B] Algorithms","Bottom-up heap construction runs in linear O(n) time by bounding the sum of node heights across all tree levels."
"Which symmetric block cipher is adopted by NIST as the Federal Information Processing Standard for encrypting sensitive data?","mcq_single","DES","Blowfish","Advanced Encryption Standard (AES)","RC4","","C","easy","[Dept Specific Part B] Cyber Security","AES (Rijndael) is the worldwide standard symmetric block cipher supporting key lengths of 128, 192, and 256 bits."
"In dynamic programming, which fundamental property allows an algorithm to reuse solutions to subproblems without recomputation?","mcq_single","Greedy Choice Property","Overlapping Subproblems","Divide and Conquer","Randomization","","B","medium","[Dept Specific Part B] Algorithms","Overlapping subproblems allow dynamic programming algorithms to memoize or tabulate intermediate results."
"Which graph traversal algorithm utilizes a First-In, First-Out (FIFO) queue data structure to visit vertices layer by layer?","mcq_single","Depth-First Search (DFS)","Breadth-First Search (BFS)","Dijkstra's Algorithm","Kruskal's Algorithm","","B","easy","[Dept Specific Part B] Data Structures","BFS uses a FIFO queue to discover all neighbor vertices at depth d before moving to vertices at depth d+1."
"According to Brewer's CAP Theorem, which two properties can a distributed data store provide simultaneously during network partitioning?","mcq_multiple","Consistency","Availability","Partition Tolerance","","","A,B,C","hard","[Dept Specific Part B] Distributed Systems","Under network partitions (P), a distributed system must choose between Consistency (CP) and Availability (AP)."
"What is the output of a standard two-input XOR gate when both input signals A and B are logical HIGH (1)?","numerical","","","","","","0","easy","[Dept Specific Part B] Digital Logic","An Exclusive-OR (XOR) gate yields binary 0 (LOW) when both input inputs are identical (1 XOR 1 = 0)."
"Which page replacement algorithm is susceptible to Belady's Anomaly where increasing physical page frames increases page faults?","mcq_single","Least Recently Used (LRU)","Optimal Page Replacement (OPT)","First-In First-Out (FIFO)","Clock Algorithm","","C","medium","[Dept Specific Part B] Operating Systems","FIFO page replacement can exhibit Belady's anomaly because it does not belong to the class of stack algorithms."
"In object-oriented programming, defining multiple methods in the same class with identical names but differing argument signatures is:","mcq_single","Method Overriding","Method Overloading","Dynamic Binding","Data Hiding","","B","easy","[Dept Specific Part B] Programming Languages","Method overloading is compile-time (static) polymorphism where methods share names with differing parameter types."
"Which sorting algorithm provides guaranteed O(n log n) worst-case time complexity and is inherently stable?","mcq_single","QuickSort","HeapSort","MergeSort","SelectionSort","","C","medium","[Dept Specific Part B] Algorithms","MergeSort recursively divides and merges arrays in O(n log n) time in all cases while preserving relative order."
"Which network protocol resolves a logical 32-bit IPv4 address into its corresponding 48-bit physical MAC address?","mcq_single","DNS","DHCP","Address Resolution Protocol (ARP)","ICMP","","C","easy","[Dept Specific Part B] Computer Networks","ARP maps IPv4 network layer addresses to physical data link MAC hardware addresses on local Ethernet segments."
"Which runtime data structure stores stack frames containing local variables, parameters, and return addresses during function execution?","mcq_single","Call Stack","Heap Segment","B-Tree","Hash Table","","A","easy","[Dept Specific Part B] Computer Architecture","The call stack allocates activation records (frames) for function invocations and pops them upon return."
"In SQL queries, which clause is specifically used to filter aggregated group results produced by a GROUP BY statement?","mcq_single","WHERE","ORDER BY","HAVING","LIMIT","","C","easy","[Dept Specific Part B] Database Systems","HAVING filters groups post-aggregation, whereas WHERE filters individual table rows prior to grouping."
"In deep neural networks, which problem occurs when gradients shrink exponentially during backpropagation through many layers?","mcq_single","Exploding Gradient Problem","Vanishing Gradient Problem","Overfitting","Catastrophic Forgetting","","B","medium","[Dept Specific Part B] Machine Learning","The vanishing gradient problem occurs when activation derivatives (e.g. sigmoid) cause gradients to approach zero."
