"Full Name","Institutional Email","Access Role","Department / Discipline","Phone Number","Initial Password"
"Prof. Ananya Sundaram","ananya.sundaram@klu.ac.in","examiner","MCA","+91 98401 23456","FacultyPass@2026"
"Dr. Rajesh Krishnan","rajesh.k@klu.ac.in","examiner","CSE","+91 98401 34567","FacultyPass@2026"
"Prof. K. Venkatesh","venkatesh.k@klu.ac.in","examiner","AI-DS","+91 98401 45678","FacultyPass@2026"
"Dr. Shalini Mukhopadhyay","shalini.m@klu.ac.in","proctor","CSE","+91 98401 56789","ProctorPass@2026"
"Prof. Deepak Chandrasekhar","deepak.c@klu.ac.in","proctor","MCA","+91 98401 67890","ProctorPass@2026"
"Dr. Lakshmi Narayanan","lakshmi.n@klu.ac.in","proctor","ECE","+91 98401 78901","ProctorPass@2026"
"Prof. Karthik Somasundaram","karthik.s@klu.ac.in","examiner","MATH","+91 98401 89012","FacultyPass@2026"
"Dr. Vidya Balasubramanian","vidya.b@klu.ac.in","viewer","BIOTECH","+91 98401 90123","ViewerPass@2026"
"Prof. Arvind Swaminathan","arvind.s@klu.ac.in","viewer","MECH","+91 98402 01234","ViewerPass@2026"
"Dr. Manjunath Shenoy","manjunath.s@klu.ac.in","examiner","EEE","+91 98402 12345","FacultyPass@2026"
