"Full Name","Email Address","Department / Program","Phone Number","Registration No","Default Password"
"Aarav Sharma","aarav.sharma@klu.ac.in","MCA","+91 98401 11223","KLU2026-MCA-001","CandidatePass@2026"
"Meera Ramesh","meera.ramesh@klu.ac.in","CSE","+91 98401 22334","KLU2026-PHD-CS001","CandidatePass@2026"
"Rohan Kulkarni","rohan.k@klu.ac.in","AI-DS","+91 98401 33445","KLU2026-PHD-AI002","CandidatePass@2026"
"Divya Subramanian","divya.s@klu.ac.in","MCA","+91 98401 44556","KLU2026-MCA-002","CandidatePass@2026"
"Kavitha Murugesan","kavitha.m@klu.ac.in","CSE","+91 98401 55667","KLU2026-PHD-CS003","CandidatePass@2026"
"Siddharth Verma","siddharth.v@klu.ac.in","ECE","+91 98401 66778","KLU2026-PHD-EC001","CandidatePass@2026"
"Ananya Sundaram","ananya.sundaram@klu.ac.in","AI-DS","+91 98401 77889","KLU2026-PHD-AI003","CandidatePass@2026"
"Gautam Nair","gautam.nair@klu.ac.in","MCA","+91 98401 88990","KLU2026-MCA-003","CandidatePass@2026"
"Pooja Hegde","pooja.hegde@klu.ac.in","CSE","+91 98401 99001","KLU2026-PHD-CS004","CandidatePass@2026"
"Vikramaditya Iyer","vikram.iyer@klu.ac.in","BIOTECH","+91 98402 11223","KLU2026-PHD-BT001","CandidatePass@2026"
"Swathi Krishnan","swathi.k@klu.ac.in","MATH","+91 98402 22334","KLU2026-PHD-MA001","CandidatePass@2026"
"Rahul Mukherjee","rahul.m@klu.ac.in","MCA","+91 98402 33445","KLU2026-MCA-004","CandidatePass@2026"
"Sneha Bhattacharya","sneha.b@klu.ac.in","CSE","+91 98402 44556","KLU2026-PHD-CS005","CandidatePass@2026"
"Harish Chandran","harish.c@klu.ac.in","ECE","+91 98402 55667","KLU2026-PHD-EC002","CandidatePass@2026"
"Nandini Deshmukh","nandini.d@klu.ac.in","AI-DS","+91 98402 66778","KLU2026-PHD-AI004","CandidatePass@2026"
