"Question Statement","Question Type","Option A","Option B","Option C","Option D","Option E","Correct Answer","Difficulty","Topic","Scope","Department","Explanation"
"What is the average time complexity of the QuickSort algorithm?","mcq_single","O(n log n)","O(n^2)","O(log n)","O(n)","O(1)","A","medium","Algorithms","Dept-Specific","MCA","QuickSort achieves O(n log n) average time complexity by recursively partitioning an array around a balanced pivot."
"Which data structure operates strictly on a Last-In, First-Out (LIFO) basis?","mcq_single","Queue","Stack","Binary Search Tree","Doubly Linked List","","B","easy","Data Structures","Dept-Specific","MCA","A Stack pushes and pops items from the top of the container, enforcing the LIFO principle."
"Which of the following are ACID properties in Database Management Systems?","mcq_multiple","Atomicity","Consistency","Isolation","Durability","Redundancy","A,B,C,D","medium","Database Systems","Dept-Specific","MCA","ACID stands for Atomicity, Consistency, Isolation, and Durability, ensuring transaction reliability."
"In standard RSA public-key cryptography with prime factors p = 7 and q = 13, compute the RSA modulus n.","numerical","","","","","","91","medium","Cryptography","Dept-Specific","MCA","The modulus n is computed as the product of the two primes: n = p * q = 7 * 13 = 91."
"In relational algebra, which operator selects rows from a table that satisfy a specified predicate condition?","mcq_single","Projection (pi)","Selection (sigma)","Cartesian Product (x)","Natural Join (|><|)","","B","easy","Database Systems","Dept-Specific","MCA","The Selection operator (sigma) filters relation tuples based on a Boolean condition."
"Dijkstra's shortest path algorithm is guaranteed to produce optimal results on graphs containing negative edge weights.","true_false","True","False","","","","B","medium","Graph Theory","Dept-Specific","MCA","False. Dijkstra assumes all edge weights are non-negative. Bellman-Ford must be used for graphs with negative edges."
"Which CPU scheduling algorithm is non-preemptive and allocates the processor to the waiting task with the smallest execution requirement?","mcq_single","Round Robin","First-Come First-Served","Non-preemptive Shortest Job First (SJF)","Multilevel Feedback Queue","","C","easy","Operating Systems","Dept-Specific","MCA","Non-preemptive SJF runs the shortest waiting job until its burst completion without context switching."
"Which of the following are supervised machine learning algorithms?","mcq_multiple","Linear Regression","K-Means Clustering","Support Vector Machines (SVM)","Random Forest","Principal Component Analysis (PCA)","A,C,D","medium","Machine Learning","Dept-Specific","MCA","Linear Regression, SVMs, and Random Forests learn from labeled datasets. K-Means and PCA are unsupervised."
"What is the primary function of the Translation Lookaside Buffer (TLB) in virtual memory architectures?","mcq_single","To cache recently translated virtual-to-physical page frame addresses","To store page replacement reference bits","To buffer disk I/O write transfers","To handle peripheral interrupt vectors","","A","hard","Computer Architecture","Dept-Specific","MCA","The TLB is a high-speed hardware cache that reduces page table walk latency during memory address translation."
"Which database normalization form eliminates transitive dependencies of non-prime attributes on the primary key?","mcq_single","First Normal Form (1NF)","Second Normal Form (2NF)","Third Normal Form (3NF)","Boyce-Codd Normal Form (BCNF)","","C","medium","Database Systems","Dept-Specific","MCA","3NF requires a relation to be in 2NF and have no non-prime attribute transitively dependent on any candidate key."
"What is the worst-case search time complexity in an unbalanced Binary Search Tree (BST) containing n nodes?","mcq_single","O(1)","O(log n)","O(n)","O(n log n)","","C","easy","Data Structures","Dept-Specific","MCA","In the worst case (skewed tree), a BST degenerates into a linear linked list requiring O(n) traversal."
"Which layer of the OSI 7-layer reference model is responsible for reliable end-to-end transport, segment reassembly, and flow control?","mcq_single","Physical Layer","Data Link Layer","Transport Layer","Network Layer","","C","easy","Computer Networks","Dept-Specific","MCA","The Transport Layer (Layer 4, e.g. TCP) provides end-to-end reliability, multiplexing, and flow control."
"In Python, which of the following standard data types is immutable?","mcq_single","List","Dictionary","Tuple","Set","","C","easy","Programming Languages","Dept-Specific","MCA","Tuples are immutable sequences in Python; their elements cannot be modified or reassigned after creation."
"Which of the following conditions are necessary for a system deadlock to occur according to Coffman's model?","mcq_multiple","Mutual Exclusion","Hold and Wait","No Preemption","Circular Wait","Preemptive Scheduling","A,B,C,D","medium","Operating Systems","Dept-Specific","MCA","The four Coffman deadlock conditions are Mutual Exclusion, Hold and Wait, No Preemption, and Circular Wait."
"What is the maximum height of an AVL self-balancing binary search tree with n nodes?","mcq_single","O(1)","O(log n)","O(n)","O(n^2)","","B","medium","Data Structures","Dept-Specific","MCA","AVL trees maintain a balance factor of -1, 0, or +1, guaranteeing a strict logarithmic height bound of O(log n)."
"Which software design pattern restricts class instantiation to a single instance while providing global access?","mcq_single","Factory Pattern","Singleton Pattern","Observer Pattern","Decorator Pattern","","B","easy","Software Engineering","Dept-Specific","MCA","The Singleton pattern ensures exactly one instance of a class exists across the application runtime lifecycle."
"In relational databases, what must a foreign key attribute in a child table reference in the parent table?","mcq_single","A nullable non-indexed column","A Primary Key or Unique Candidate Key","Any character column","An auto-increment sequence only","","B","medium","Database Systems","Dept-Specific","MCA","Referential integrity mandates that foreign keys reference a unique candidate key or primary key in the referenced relation."
"What is the time complexity of constructing a Binary Max-Heap from an unordered array of n items using Floyd's build-heap algorithm?","mcq_single","O(n)","O(n log n)","O(log n)","O(n^2)","","A","hard","Algorithms","Dept-Specific","MCA","Bottom-up heap construction runs in linear O(n) time by bounding the sum of node heights across all tree levels."
"Which symmetric block cipher is adopted by NIST as the Federal Information Processing Standard for encrypting sensitive data?","mcq_single","DES","Blowfish","Advanced Encryption Standard (AES)","RC4","","C","easy","Cyber Security","Dept-Specific","MCA","AES (Rijndael) is the worldwide standard symmetric block cipher supporting key lengths of 128, 192, and 256 bits."
"In dynamic programming, which fundamental property allows an algorithm to reuse solutions to subproblems without recomputation?","mcq_single","Greedy Choice Property","Overlapping Subproblems","Divide and Conquer","Randomization","","B","medium","Algorithms","Dept-Specific","MCA","Overlapping subproblems allow dynamic programming algorithms to memoize or tabulate intermediate results."
"Which graph traversal algorithm utilizes a First-In, First-Out (FIFO) queue data structure to visit vertices layer by layer?","mcq_single","Depth-First Search (DFS)","Breadth-First Search (BFS)","Dijkstra's Algorithm","Kruskal's Algorithm","","B","easy","Data Structures","Dept-Specific","MCA","BFS uses a FIFO queue to discover all neighbor vertices at depth d before moving to vertices at depth d+1."
"According to Brewer's CAP Theorem, which two properties can a distributed data store provide simultaneously during network partitioning?","mcq_multiple","Consistency","Availability","Partition Tolerance","","","A,B,C","hard","Distributed Systems","Dept-Specific","MCA","Under network partitions (P), a distributed system must choose between Consistency (CP) and Availability (AP)."
"What is the output of a standard two-input XOR gate when both input signals A and B are logical HIGH (1)?","numerical","","","","","","0","easy","Digital Logic","Dept-Specific","MCA","An Exclusive-OR (XOR) gate yields binary 0 (LOW) when both input inputs are identical (1 XOR 1 = 0)."
"Which page replacement algorithm is susceptible to Belady's Anomaly where increasing physical page frames increases page faults?","mcq_single","Least Recently Used (LRU)","Optimal Page Replacement (OPT)","First-In First-Out (FIFO)","Clock Algorithm","","C","medium","Operating Systems","Dept-Specific","MCA","FIFO page replacement can exhibit Belady's anomaly because it does not belong to the class of stack algorithms."
"In object-oriented programming, defining multiple methods in the same class with identical names but differing argument signatures is:","mcq_single","Method Overriding","Method Overloading","Dynamic Binding","Data Hiding","","B","easy","Programming Languages","Dept-Specific","MCA","Method overloading is compile-time (static) polymorphism where methods share names with differing parameter types."
"Which sorting algorithm provides guaranteed O(n log n) worst-case time complexity and is inherently stable?","mcq_single","QuickSort","HeapSort","MergeSort","SelectionSort","","C","medium","Algorithms","Dept-Specific","MCA","MergeSort recursively divides and merges arrays in O(n log n) time in all cases while preserving relative order."
"Which network protocol resolves a logical 32-bit IPv4 address into its corresponding 48-bit physical MAC address?","mcq_single","DNS","DHCP","Address Resolution Protocol (ARP)","ICMP","","C","easy","Computer Networks","Dept-Specific","MCA","ARP maps IPv4 network layer addresses to physical data link MAC hardware addresses on local Ethernet segments."
"Which runtime data structure stores stack frames containing local variables, parameters, and return addresses during function execution?","mcq_single","Call Stack","Heap Segment","B-Tree","Hash Table","","A","easy","Computer Architecture","Dept-Specific","MCA","The call stack allocates activation records (frames) for function invocations and pops them upon return."
"In SQL queries, which clause is specifically used to filter aggregated group results produced by a GROUP BY statement?","mcq_single","WHERE","ORDER BY","HAVING","LIMIT","","C","easy","Database Systems","Dept-Specific","MCA","HAVING filters groups post-aggregation, whereas WHERE filters individual table rows prior to grouping."
"In deep neural networks, which problem occurs when gradients shrink exponentially during backpropagation through many layers?","mcq_single","Exploding Gradient Problem","Vanishing Gradient Problem","Overfitting","Catastrophic Forgetting","","B","medium","Machine Learning","Dept-Specific","MCA","The vanishing gradient problem occurs when activation derivatives (e.g. sigmoid) cause gradients to approach zero."
